Reebelo RID,Product Name,Your SKU,SKU Condition,SKU Battery Health,Price,Min Price,Quantity
101117w5s6h2,Galaxy S22+ (5G) - T-Mobile - Green - Single Sim - 256GB Premium 90,1ea CELLR178118P,2,90,334.7,334.7,0
101117w5s6h2,Galaxy S22+ (5G) - T-Mobile - Green - Single Sim - 256GB Excellent 80,1ea CELLR178118,4,80,337.95,331.45,0
101117w5s6h2,Galaxy S22+ (5G) - T-Mobile - Green - Single Sim - 256GB Excellent 100,1ea CELLR178118BMP,4,100,337.95,337.95,0
101117w6x1f2,Galaxy S22+ (5G) - Verizon - Green - Single Sim - 256GB Good 80,1ea CELLR178124,5,80,286.47,280.96,0
101117w6x1f2,Galaxy S22+ (5G) - Verizon - Green - Single Sim - 256GB Acceptable 80,1ea CELLR178124-2,6,80,286.47,280.96,0
101117w6x1f2,Galaxy S22+ (5G) - Verizon - Green - Single Sim - 256GB Good 100,1ea CELLR178124BMP,5,100,286.47,286.47,0
101117w6x1f2,Galaxy S22+ (5G) - Verizon - Green - Single Sim - 256GB Excellent 80,1ea CELLR178122,4,80,306.23,300.34,0
101117w6x1f2,Galaxy S22+ (5G) - Verizon - Green - Single Sim - 256GB Excellent 100,1ea CELLR178122BMP,4,100,306.23,306.23,0
101117w6x1f2,Galaxy S22+ (5G) - Verizon - Green - Single Sim - 256GB Premium 90,1ea CELLR178123P,2,90,317.96,317.96,0
101117w6x1f2,Galaxy S22+ (5G) - Verizon - Green - Single Sim - 256GB Excellent 80,1ea CELLR178123,4,80,321.05,314.88,0
101117w6x1f2,Galaxy S22+ (5G) - Verizon - Green - Single Sim - 256GB Excellent 100,1ea CELLR178123BMP,4,100,321.05,321.05,0
101117x5r1e4,Galaxy S24 - AT&T - Jade Green - Single Sim - 512GB Good 80,1ea CELLR180529,5,80,561.55,550.75,0
101117x5r1e4,Galaxy S24 - AT&T - Jade Green - Single Sim - 512GB Acceptable 80,1ea CELLR180529-2,6,80,561.55,550.75,0
101117x5r1e4,Galaxy S24 - AT&T - Jade Green - Single Sim - 512GB Good 100,1ea CELLR180529BMP,5,100,561.55,561.55,0
101117x5r1e4,Galaxy S24 - AT&T - Jade Green - Single Sim - 512GB Excellent 80,1ea CELLR180527,4,80,582.35,571.15,0
101117x5r1e4,Galaxy S24 - AT&T - Jade Green - Single Sim - 512GB Excellent 100,1ea CELLR180527BMP,4,100,582.35,582.35,0
101117x5r1e4,Galaxy S24 - AT&T - Jade Green - Single Sim - 512GB Premium 90,1ea CELLR180528P,2,90,597.35,597.35,0
101117x5r1e4,Galaxy S24 - AT&T - Jade Green - Single Sim - 512GB Excellent 80,1ea CELLR180528,4,80,603.15,591.55,0
101117x5r1e4,Galaxy S24 - AT&T - Jade Green - Single Sim - 512GB Excellent 100,1ea CELLR180528BMP,4,100,603.15,603.15,0
101117x604r5,Galaxy S22 Ultra (5G) - AT&T - Phantom Black - Single Sim - 512GB Good 80,1ea CELLR178729,5,80,467.95,458.95,0
101117x604r5,Galaxy S22 Ultra (5G) - AT&T - Phantom Black - Single Sim - 512GB Acceptable 80,1ea CELLR178729-2,6,80,467.95,458.95,0
101117x604r5,Galaxy S22 Ultra (5G) - AT&T - Phantom Black - Single Sim - 512GB Good 100,1ea CELLR178729BMP,5,100,467.95,467.95,0
101117x604r5,Galaxy S22 Ultra (5G) - AT&T - Phantom Black - Single Sim - 512GB Excellent 80,1ea CELLR178727,4,80,488.75,479.35,0
101117x604r5,Galaxy S22 Ultra (5G) - AT&T - Phantom Black - Single Sim - 512GB Excellent 100,1ea CELLR178727BMP,4,100,488.75,488.75,0
101117x604r5,Galaxy S22 Ultra (5G) - AT&T - Phantom Black - Single Sim - 512GB Premium 90,1ea CELLR178728P,2,90,504.65,504.65,0
101117x604r5,Galaxy S22 Ultra (5G) - AT&T - Phantom Black - Single Sim - 512GB Excellent 80,1ea CELLR178728,4,80,509.55,499.75,0
101117x604r5,Galaxy S22 Ultra (5G) - AT&T - Phantom Black - Single Sim - 512GB Excellent 100,1ea CELLR178728BMP,4,100,509.55,509.55,0
101117x6r635,Galaxy S22 (5G) - AT&T - Green - Single Sim - 256GB Good 80,1ea CELLR177704,5,80,259.95,254.95,0
101117x6r635,Galaxy S22 (5G) - AT&T - Green - Single Sim - 256GB Acceptable 80,1ea CELLR177704-2,6,80,259.95,254.95,0
101117x6r635,Galaxy S22 (5G) - AT&T - Green - Single Sim - 256GB Good 100,1ea CELLR177704BMP,5,100,259.95,259.95,0
101117x6r635,Galaxy S22 (5G) - AT&T - Green - Single Sim - 256GB Excellent 80,1ea CELLR177702,4,80,280.75,275.35,0
101117x6r635,Galaxy S22 (5G) - AT&T - Green - Single Sim - 256GB Excellent 100,1ea CELLR177702BMP,4,100,280.75,280.75,0
101117x6r635,Galaxy S22 (5G) - AT&T - Green - Single Sim - 256GB Premium 90,1ea CELLR177703P,2,90,288.35,288.35,0
101117x6r635,Galaxy S22 (5G) - AT&T - Green - Single Sim - 256GB Excellent 80,1ea CELLR177703,4,80,291.15,285.55,0
101117x6r635,Galaxy S22 (5G) - AT&T - Green - Single Sim - 256GB Excellent 100,1ea CELLR177703BMP,4,100,291.15,291.15,0
101117x6s3c6,Galaxy S22 Ultra (5G) - T-Mobile - Phantom Black - Single Sim - 512GB Good 80,1ea CELLR178744,5,80,467.95,458.95,0
101117x6s3c6,Galaxy S22 Ultra (5G) - T-Mobile - Phantom Black - Single Sim - 512GB Acceptable 80,1ea CELLR178744-2,6,80,467.95,458.95,0
101117x6s3c6,Galaxy S22 Ultra (5G) - T-Mobile - Phantom Black - Single Sim - 512GB Good 100,1ea CELLR178744BMP,5,100,467.95,467.95,0
101117x6s3c6,Galaxy S22 Ultra (5G) - T-Mobile - Phantom Black - Single Sim - 512GB Excellent 80,1ea CELLR178742,4,80,488.75,479.35,0
101117x6s3c6,Galaxy S22 Ultra (5G) - T-Mobile - Phantom Black - Single Sim - 512GB Excellent 100,1ea CELLR178742BMP,4,100,488.75,488.75,0
101117x6s3c6,Galaxy S22 Ultra (5G) - T-Mobile - Phantom Black - Single Sim - 512GB Premium 90,1ea CELLR178743P,2,90,504.65,504.65,0
101117x6s3c6,Galaxy S22 Ultra (5G) - T-Mobile - Phantom Black - Single Sim - 512GB Excellent 80,1ea CELLR178743,4,80,509.55,499.75,0
101117x6s3c6,Galaxy S22 Ultra (5G) - T-Mobile - Phantom Black - Single Sim - 512GB Excellent 100,1ea CELLR178743BMP,4,100,509.55,509.55,0
101117x6v0b1,Galaxy S24 - T-Mobile - Jade Green - Single Sim - 512GB Good 80,1ea CELLR180544,5,80,561.55,550.75,0
101117x6v0b1,Galaxy S24 - T-Mobile - Jade Green - Single Sim - 512GB Acceptable 80,1ea CELLR180544-2,6,80,561.55,550.75,0
101117x6v0b1,Galaxy S24 - T-Mobile - Jade Green - Single Sim - 512GB Good 100,1ea CELLR180544BMP,5,100,561.55,561.55,0
101117x6v0b1,Galaxy S24 - T-Mobile - Jade Green - Single Sim - 512GB Excellent 80,1ea CELLR180542,4,80,582.35,571.15,0
101117x6v0b1,Galaxy S24 - T-Mobile - Jade Green - Single Sim - 512GB Excellent 100,1ea CELLR180542BMP,4,100,582.35,582.35,0
101117x6v0b1,Galaxy S24 - T-Mobile - Jade Green - Single Sim - 512GB Premium 90,1ea CELLR180543P,2,90,597.35,597.35,0
101117x6v0b1,Galaxy S24 - T-Mobile - Jade Green - Single Sim - 512GB Excellent 80,1ea CELLR180543,4,80,603.15,591.55,0
101117x6v0b1,Galaxy S24 - T-Mobile - Jade Green - Single Sim - 512GB Excellent 100,1ea CELLR180543BMP,4,100,603.15,603.15,0
101117x7k284,Galaxy S22 (5G) - T-Mobile - Green - Single Sim - 256GB Good 80,1ea CELLR177719,5,80,259.95,254.95,0
101117x7k284,Galaxy S22 (5G) - T-Mobile - Green - Single Sim - 256GB Acceptable 80,1ea CELLR177719-2,6,80,259.95,254.95,0
101117x7k284,Galaxy S22 (5G) - T-Mobile - Green - Single Sim - 256GB Good 100,1ea CELLR177719BMP,5,100,259.95,259.95,0
101117x7k284,Galaxy S22 (5G) - T-Mobile - Green - Single Sim - 256GB Excellent 80,1ea CELLR177717,4,80,280.75,275.35,0
101117x7k284,Galaxy S22 (5G) - T-Mobile - Green - Single Sim - 256GB Excellent 100,1ea CELLR177717BMP,4,100,280.75,280.75,0
101117x7k284,Galaxy S22 (5G) - T-Mobile - Green - Single Sim - 256GB Premium 90,1ea CELLR177718P,2,90,288.35,288.35,0
101117x7k284,Galaxy S22 (5G) - T-Mobile - Green - Single Sim - 256GB Excellent 80,1ea CELLR177718,4,80,291.15,285.55,0
101117x7k284,Galaxy S22 (5G) - T-Mobile - Green - Single Sim - 256GB Excellent 100,1ea CELLR177718BMP,4,100,291.15,291.15,0
101117x7l1w0,Galaxy S22 Ultra (5G) - Verizon - Phantom Black - Single Sim - 512GB Good 80,1ea CELLR178749,5,80,444.55,436,0
101117x7l1w0,Galaxy S22 Ultra (5G) - Verizon - Phantom Black - Single Sim - 512GB Acceptable 80,1ea CELLR178749-2,6,80,444.55,436,0
101117x7l1w0,Galaxy S22 Ultra (5G) - Verizon - Phantom Black - Single Sim - 512GB Good 100,1ea CELLR178749BMP,5,100,444.55,444.55,0
101117x7l1w0,Galaxy S22 Ultra (5G) - Verizon - Phantom Black - Single Sim - 512GB Excellent 80,1ea CELLR178747,4,80,464.31,455.38,0
101117x7l1w0,Galaxy S22 Ultra (5G) - Verizon - Phantom Black - Single Sim - 512GB Excellent 100,1ea CELLR178747BMP,4,100,464.31,464.31,0
101117x7l1w0,Galaxy S22 Ultra (5G) - Verizon - Phantom Black - Single Sim - 512GB Premium 90,1ea CELLR178748P,2,90,479.42,479.42,0
101117x7l1w0,Galaxy S22 Ultra (5G) - Verizon - Phantom Black - Single Sim - 512GB Excellent 80,1ea CELLR178748,4,80,484.07,474.76,0
101117x7l1w0,Galaxy S22 Ultra (5G) - Verizon - Phantom Black - Single Sim - 512GB Excellent 100,1ea CELLR178748BMP,4,100,484.07,484.07,0
1011200185d3,Galaxy S24 Ultra - T-Mobile - Titanium Green - Single Sim - 1TB Good 80,1ea CELLR181069,5,80,956.75,938.35,0
1011200185d3,Galaxy S24 Ultra - T-Mobile - Titanium Green - Single Sim - 1TB Acceptable 80,1ea CELLR181069-2,6,80,956.75,938.35,0
1011200185d3,Galaxy S24 Ultra - T-Mobile - Titanium Green - Single Sim - 1TB Good 100,1ea CELLR181069BMP,5,100,956.75,956.75,0
1011200185d3,Galaxy S24 Ultra - T-Mobile - Titanium Green - Single Sim - 1TB Excellent 80,1ea CELLR181067,4,80,987.95,968.95,0
1011200185d3,Galaxy S24 Ultra - T-Mobile - Titanium Green - Single Sim - 1TB Excellent 100,1ea CELLR181067BMP,4,100,987.95,987.95,0
1011200185d3,Galaxy S24 Ultra - T-Mobile - Titanium Green - Single Sim - 1TB Premium 90,1ea CELLR181068P,2,90,999.05,999.05,0
1011200185d3,Galaxy S24 Ultra - T-Mobile - Titanium Green - Single Sim - 1TB Excellent 80,1ea CELLR181068,4,80,1008.75,989.35,0
1011200185d3,Galaxy S24 Ultra - T-Mobile - Titanium Green - Single Sim - 1TB Excellent 100,1ea CELLR181068BMP,4,100,1008.75,1008.75,0
10112001w1t6,Galaxy S22+ (5G) - AT&T - Violet - Single Sim - 256GB Good 80,1ea CELLR178129,5,80,301.55,295.75,0
10112001w1t6,Galaxy S22+ (5G) - AT&T - Violet - Single Sim - 256GB Acceptable 80,1ea CELLR178129-2,6,80,301.55,295.75,0
10112001w1t6,Galaxy S22+ (5G) - AT&T - Violet - Single Sim - 256GB Good 100,1ea CELLR178129BMP,5,100,301.55,301.55,0
10112001w1t6,Galaxy S22+ (5G) - AT&T - Violet - Single Sim - 256GB Excellent 80,1ea CELLR178127,4,80,322.35,316.15,0
10112001w1t6,Galaxy S22+ (5G) - AT&T - Violet - Single Sim - 256GB Excellent 100,1ea CELLR178127BMP,4,100,322.35,322.35,0
10112001w1t6,Galaxy S22+ (5G) - AT&T - Violet - Single Sim - 256GB Premium 90,1ea CELLR178128P,2,90,334.7,334.7,0
10112001w1t6,Galaxy S22+ (5G) - AT&T - Violet - Single Sim - 256GB Excellent 80,1ea CELLR178128,4,80,337.95,331.45,0
10112001w1t6,Galaxy S22+ (5G) - AT&T - Violet - Single Sim - 256GB Excellent 100,1ea CELLR178128BMP,4,100,337.95,337.95,0
1011200334f1,Galaxy S22+ (5G) - T-Mobile - Violet - Single Sim - 256GB Good 80,1ea CELLR178144,5,80,301.55,295.75,0
1011200334f1,Galaxy S22+ (5G) - T-Mobile - Violet - Single Sim - 256GB Acceptable 80,1ea CELLR178144-2,6,80,301.55,295.75,0
1011200334f1,Galaxy S22+ (5G) - T-Mobile - Violet - Single Sim - 256GB Good 100,1ea CELLR178144BMP,5,100,301.55,301.55,0
1011200334f1,Galaxy S22+ (5G) - T-Mobile - Violet - Single Sim - 256GB Excellent 80,1ea CELLR178142,4,80,322.35,316.15,0
1011200334f1,Galaxy S22+ (5G) - T-Mobile - Violet - Single Sim - 256GB Excellent 100,1ea CELLR178142BMP,4,100,322.35,322.35,0
1011200334f1,Galaxy S22+ (5G) - T-Mobile - Violet - Single Sim - 256GB Premium 90,1ea CELLR178143P,2,90,334.7,334.7,0
1011200334f1,Galaxy S22+ (5G) - T-Mobile - Violet - Single Sim - 256GB Excellent 80,1ea CELLR178143,4,80,337.95,331.45,0
1011200334f1,Galaxy S22+ (5G) - T-Mobile - Violet - Single Sim - 256GB Excellent 100,1ea CELLR178143BMP,4,100,337.95,337.95,0
10112003u7m1,Galaxy S24 Ultra - Verizon - Titanium Green - Single Sim - 1TB Good 80,1ea CELLR181074,5,80,908.91,891.43,0
10112003u7m1,Galaxy S24 Ultra - Verizon - Titanium Green - Single Sim - 1TB Acceptable 80,1ea CELLR181074-2,6,80,908.91,891.43,0
10112003u7m1,Galaxy S24 Ultra - Verizon - Titanium Green - Single Sim - 1TB Good 100,1ea CELLR181074BMP,5,100,908.91,908.91,0
10112003u7m1,Galaxy S24 Ultra - Verizon - Titanium Green - Single Sim - 1TB Excellent 80,1ea CELLR181072,4,80,938.55,920.5,0
10112003u7m1,Galaxy S24 Ultra - Verizon - Titanium Green - Single Sim - 1TB Excellent 100,1ea CELLR181072BMP,4,100,938.55,938.55,0
10112003u7m1,Galaxy S24 Ultra - Verizon - Titanium Green - Single Sim - 1TB Premium 90,1ea CELLR181073P,2,90,949.1,949.1,0
10112003u7m1,Galaxy S24 Ultra - Verizon - Titanium Green - Single Sim - 1TB Excellent 80,1ea CELLR181073,4,80,958.31,939.88,0
10112003u7m1,Galaxy S24 Ultra - Verizon - Titanium Green - Single Sim - 1TB Excellent 100,1ea CELLR181073BMP,4,100,958.31,958.31,0
1011200473r0,Galaxy S22+ (5G) - Verizon - Violet - Single Sim - 256GB Good 80,1ea CELLR178149,5,80,286.47,280.96,0
1011200473r0,Galaxy S22+ (5G) - Verizon - Violet - Single Sim - 256GB Acceptable 80,1ea CELLR178149-2,6,80,286.47,280.96,0
1011200473r0,Galaxy S22+ (5G) - Verizon - Violet - Single Sim - 256GB Good 100,1ea CELLR178149BMP,5,100,286.47,286.47,0
1011200473r0,Galaxy S22+ (5G) - Verizon - Violet - Single Sim - 256GB Excellent 80,1ea CELLR178147,4,80,306.23,300.34,0
1011200473r0,Galaxy S22+ (5G) - Verizon - Violet - Single Sim - 256GB Excellent 100,1ea CELLR178147BMP,4,100,306.23,306.23,0
1011200473r0,Galaxy S22+ (5G) - Verizon - Violet - Single Sim - 256GB Premium 90,1ea CELLR178148P,2,90,317.96,317.96,0
1011200473r0,Galaxy S22+ (5G) - Verizon - Violet - Single Sim - 256GB Excellent 80,1ea CELLR178148,4,80,321.05,314.88,0
1011200473r0,Galaxy S22+ (5G) - Verizon - Violet - Single Sim - 256GB Excellent 100,1ea CELLR178148BMP,4,100,321.05,321.05,0
10112010x7v3,Galaxy S22 Ultra (5G) - AT&T - Graphite - Single Sim - 512GB Good 80,1ea CELLR178779,5,80,467.95,458.95,0
10112010x7v3,Galaxy S22 Ultra (5G) - AT&T - Graphite - Single Sim - 512GB Acceptable 80,1ea CELLR178779-2,6,80,467.95,458.95,0
10112010x7v3,Galaxy S22 Ultra (5G) - AT&T - Graphite - Single Sim - 512GB Good 100,1ea CELLR178779BMP,5,100,467.95,467.95,0
10112010x7v3,Galaxy S22 Ultra (5G) - AT&T - Graphite - Single Sim - 512GB Excellent 80,1ea CELLR178777,4,80,488.75,479.35,0
10112010x7v3,Galaxy S22 Ultra (5G) - AT&T - Graphite - Single Sim - 512GB Excellent 100,1ea CELLR178777BMP,4,100,488.75,488.75,0
10112010x7v3,Galaxy S22 Ultra (5G) - AT&T - Graphite - Single Sim - 512GB Premium 90,1ea CELLR178778P,2,90,504.65,504.65,0
10112010x7v3,Galaxy S22 Ultra (5G) - AT&T - Graphite - Single Sim - 512GB Excellent 80,1ea CELLR178778,4,80,509.55,499.75,0
10112010x7v3,Galaxy S22 Ultra (5G) - AT&T - Graphite - Single Sim - 512GB Excellent 100,1ea CELLR178778BMP,4,100,509.55,509.55,0
1011201435c4,Galaxy S22 (5G) - AT&T - Bora Purple - Single Sim - 256GB Good 80,1ea CELLR177629,5,80,259.95,254.95,0
1011201435c4,Galaxy S22 (5G) - AT&T - Bora Purple - Single Sim - 256GB Acceptable 80,1ea CELLR177629-2,6,80,259.95,254.95,0
1011201435c4,Galaxy S22 (5G) - AT&T - Bora Purple - Single Sim - 256GB Good 100,1ea CELLR177629BMP,5,100,259.95,259.95,0
1011201435c4,Galaxy S22 (5G) - AT&T - Bora Purple - Single Sim - 256GB Excellent 80,1ea CELLR177627,4,80,280.75,275.35,0
1011201435c4,Galaxy S22 (5G) - AT&T - Bora Purple - Single Sim - 256GB Excellent 100,1ea CELLR177627BMP,4,100,280.75,280.75,0
1011201435c4,Galaxy S22 (5G) - AT&T - Bora Purple - Single Sim - 256GB Premium 90,1ea CELLR177628P,2,90,288.35,288.35,0
1011201435c4,Galaxy S22 (5G) - AT&T - Bora Purple - Single Sim - 256GB Excellent 80,1ea CELLR177628,4,80,291.15,285.55,0
1011201435c4,Galaxy S22 (5G) - AT&T - Bora Purple - Single Sim - 256GB Excellent 100,1ea CELLR177628BMP,4,100,291.15,291.15,0
1011201440h4,Galaxy S22 Ultra (5G) - T-Mobile - Graphite - Single Sim - 512GB Good 80,1ea CELLR178794,5,80,467.95,458.95,0
1011201440h4,Galaxy S22 Ultra (5G) - T-Mobile - Graphite - Single Sim - 512GB Acceptable 80,1ea CELLR178794-2,6,80,467.95,458.95,0
1011201440h4,Galaxy S22 Ultra (5G) - T-Mobile - Graphite - Single Sim - 512GB Good 100,1ea CELLR178794BMP,5,100,467.95,467.95,0
1011201440h4,Galaxy S22 Ultra (5G) - T-Mobile - Graphite - Single Sim - 512GB Excellent 80,1ea CELLR178792,4,80,488.75,479.35,0
1011201440h4,Galaxy S22 Ultra (5G) - T-Mobile - Graphite - Single Sim - 512GB Excellent 100,1ea CELLR178792BMP,4,100,488.75,488.75,0
1011201440h4,Galaxy S22 Ultra (5G) - T-Mobile - Graphite - Single Sim - 512GB Premium 90,1ea CELLR178793P,2,90,504.65,504.65,0
1011201440h4,Galaxy S22 Ultra (5G) - T-Mobile - Graphite - Single Sim - 512GB Excellent 80,1ea CELLR178793,4,80,509.55,499.75,0
1011201440h4,Galaxy S22 Ultra (5G) - T-Mobile - Graphite - Single Sim - 512GB Excellent 100,1ea CELLR178793BMP,4,100,509.55,509.55,0
10112014t3c0,Galaxy S24 - AT&T - Amber Yellow - Single Sim - 512GB Good 80,1ea CELLR180604,5,80,561.55,550.75,0
10112014t3c0,Galaxy S24 - AT&T - Amber Yellow - Single Sim - 512GB Acceptable 80,1ea CELLR180604-2,6,80,561.55,550.75,0
10112014t3c0,Galaxy S24 - AT&T - Amber Yellow - Single Sim - 512GB Good 100,1ea CELLR180604BMP,5,100,561.55,561.55,0
10112014t3c0,Galaxy S24 - AT&T - Amber Yellow - Single Sim - 512GB Excellent 80,1ea CELLR180602,4,80,582.35,571.15,0
10112014t3c0,Galaxy S24 - AT&T - Amber Yellow - Single Sim - 512GB Excellent 100,1ea CELLR180602BMP,4,100,582.35,582.35,0
10112014t3c0,Galaxy S24 - AT&T - Amber Yellow - Single Sim - 512GB Premium 90,1ea CELLR180603P,2,90,597.35,597.35,0
10112014t3c0,Galaxy S24 - AT&T - Amber Yellow - Single Sim - 512GB Excellent 80,1ea CELLR180603,4,80,603.15,591.55,0
10112014t3c0,Galaxy S24 - AT&T - Amber Yellow - Single Sim - 512GB Excellent 100,1ea CELLR180603BMP,4,100,603.15,603.15,0
10112014v1c6,Galaxy S22 (5G) - T-Mobile - Bora Purple - Single Sim - 256GB Good 80,1ea CELLR177644,5,80,259.95,254.95,0
10112014v1c6,Galaxy S22 (5G) - T-Mobile - Bora Purple - Single Sim - 256GB Acceptable 80,1ea CELLR177644-2,6,80,259.95,254.95,0
10112014v1c6,Galaxy S22 (5G) - T-Mobile - Bora Purple - Single Sim - 256GB Good 100,1ea CELLR177644BMP,5,100,259.95,259.95,0
10112014v1c6,Galaxy S22 (5G) - T-Mobile - Bora Purple - Single Sim - 256GB Excellent 80,1ea CELLR177642,4,80,280.75,275.35,0
10112014v1c6,Galaxy S22 (5G) - T-Mobile - Bora Purple - Single Sim - 256GB Excellent 100,1ea CELLR177642BMP,4,100,280.75,280.75,0
10112014v1c6,Galaxy S22 (5G) - T-Mobile - Bora Purple - Single Sim - 256GB Premium 90,1ea CELLR177643P,2,90,288.35,288.35,0
10112014v1c6,Galaxy S22 (5G) - T-Mobile - Bora Purple - Single Sim - 256GB Excellent 80,1ea CELLR177643,4,80,291.15,285.55,0
10112014v1c6,Galaxy S22 (5G) - T-Mobile - Bora Purple - Single Sim - 256GB Excellent 100,1ea CELLR177643BMP,4,100,291.15,291.15,0
10112014w551,Galaxy S22 Ultra (5G) - Verizon - Graphite - Single Sim - 512GB Good 80,1ea CELLR178799,5,80,444.55,436,0
10112014w551,Galaxy S22 Ultra (5G) - Verizon - Graphite - Single Sim - 512GB Acceptable 80,1ea CELLR178799-2,6,80,444.55,436,0
10112014w551,Galaxy S22 Ultra (5G) - Verizon - Graphite - Single Sim - 512GB Good 100,1ea CELLR178799BMP,5,100,444.55,444.55,0
10112014w551,Galaxy S22 Ultra (5G) - Verizon - Graphite - Single Sim - 512GB Excellent 80,1ea CELLR178797,4,80,464.31,455.38,0
10112014w551,Galaxy S22 Ultra (5G) - Verizon - Graphite - Single Sim - 512GB Excellent 100,1ea CELLR178797BMP,4,100,464.31,464.31,0
10112014w551,Galaxy S22 Ultra (5G) - Verizon - Graphite - Single Sim - 512GB Premium 90,1ea CELLR178798P,2,90,479.42,479.42,0
10112014w551,Galaxy S22 Ultra (5G) - Verizon - Graphite - Single Sim - 512GB Excellent 80,1ea CELLR178798,4,80,484.07,474.76,0
10112014w551,Galaxy S22 Ultra (5G) - Verizon - Graphite - Single Sim - 512GB Excellent 100,1ea CELLR178798BMP,4,100,484.07,484.07,0
10112015m0a7,Galaxy S24 - T-Mobile - Amber Yellow - Single Sim - 512GB Good 80,1ea CELLR180619,5,80,561.55,550.75,0
10112015m0a7,Galaxy S24 - T-Mobile - Amber Yellow - Single Sim - 512GB Acceptable 80,1ea CELLR180619-2,6,80,561.55,550.75,0
10112015m0a7,Galaxy S24 - T-Mobile - Amber Yellow - Single Sim - 512GB Good 100,1ea CELLR180619BMP,5,100,561.55,561.55,0
10112015m0a7,Galaxy S24 - T-Mobile - Amber Yellow - Single Sim - 512GB Excellent 80,1ea CELLR180617,4,80,582.35,571.15,0
10112015m0a7,Galaxy S24 - T-Mobile - Amber Yellow - Single Sim - 512GB Excellent 100,1ea CELLR180617BMP,4,100,582.35,582.35,0
10112015m0a7,Galaxy S24 - T-Mobile - Amber Yellow - Single Sim - 512GB Premium 90,1ea CELLR180618P,2,90,597.35,597.35,0
10112015m0a7,Galaxy S24 - T-Mobile - Amber Yellow - Single Sim - 512GB Excellent 80,1ea CELLR180618,4,80,603.15,591.55,0
10112015m0a7,Galaxy S24 - T-Mobile - Amber Yellow - Single Sim - 512GB Excellent 100,1ea CELLR180618BMP,4,100,603.15,603.15,0
1011201605p2,Galaxy S22 (5G) - Verizon - Bora Purple - Single Sim - 256GB Good 80,1ea CELLR177649,5,80,246.95,242.2,0
1011201605p2,Galaxy S22 (5G) - Verizon - Bora Purple - Single Sim - 256GB Acceptable 80,1ea CELLR177649-2,6,80,246.95,242.2,0
1011201605p2,Galaxy S22 (5G) - Verizon - Bora Purple - Single Sim - 256GB Good 100,1ea CELLR177649BMP,5,100,246.95,246.95,0
1011201605p2,Galaxy S22 (5G) - Verizon - Bora Purple - Single Sim - 256GB Excellent 80,1ea CELLR177647,4,80,266.71,261.58,0
1011201605p2,Galaxy S22 (5G) - Verizon - Bora Purple - Single Sim - 256GB Excellent 100,1ea CELLR177647BMP,4,100,266.71,266.71,0
1011201605p2,Galaxy S22 (5G) - Verizon - Bora Purple - Single Sim - 256GB Premium 90,1ea CELLR177648P,2,90,273.93,273.93,0
1011201605p2,Galaxy S22 (5G) - Verizon - Bora Purple - Single Sim - 256GB Excellent 80,1ea CELLR177648,4,80,276.59,271.27,0
1011201605p2,Galaxy S22 (5G) - Verizon - Bora Purple - Single Sim - 256GB Excellent 100,1ea CELLR177648BMP,4,100,276.59,276.59,0
10112016h104,Galaxy S24 - Verizon - Amber Yellow - Single Sim - 512GB Good 80,1ea CELLR180624,5,80,533.47,523.21,0
10112016h104,Galaxy S24 - Verizon - Amber Yellow - Single Sim - 512GB Acceptable 80,1ea CELLR180624-2,6,80,533.47,523.21,0
10112016h104,Galaxy S24 - Verizon - Amber Yellow - Single Sim - 512GB Good 100,1ea CELLR180624BMP,5,100,533.47,533.47,0
10112016h104,Galaxy S24 - Verizon - Amber Yellow - Single Sim - 512GB Excellent 80,1ea CELLR180622,4,80,553.23,542.59,0
10112016h104,Galaxy S24 - Verizon - Amber Yellow - Single Sim - 512GB Excellent 100,1ea CELLR180622BMP,4,100,553.23,553.23,0
10112016h104,Galaxy S24 - Verizon - Amber Yellow - Single Sim - 512GB Premium 90,1ea CELLR180623P,2,90,567.48,567.48,0
10112016h104,Galaxy S24 - Verizon - Amber Yellow - Single Sim - 512GB Excellent 80,1ea CELLR180623,4,80,572.99,561.97,0
10112016h104,Galaxy S24 - Verizon - Amber Yellow - Single Sim - 512GB Excellent 100,1ea CELLR180623BMP,4,100,572.99,572.99,0
10112017x4j2,Galaxy S24 Ultra - AT&T - Titanium Orange - Single Sim - 1TB Good 80,1ea CELLR181079,5,80,956.75,938.35,0
10112017x4j2,Galaxy S24 Ultra - AT&T - Titanium Orange - Single Sim - 1TB Acceptable 80,1ea CELLR181079-2,6,80,956.75,938.35,0
10112017x4j2,Galaxy S24 Ultra - AT&T - Titanium Orange - Single Sim - 1TB Good 100,1ea CELLR181079BMP,5,100,956.75,956.75,0
10112017x4j2,Galaxy S24 Ultra - AT&T - Titanium Orange - Single Sim - 1TB Excellent 80,1ea CELLR181077,4,80,987.95,968.95,0
10112017x4j2,Galaxy S24 Ultra - AT&T - Titanium Orange - Single Sim - 1TB Excellent 100,1ea CELLR181077BMP,4,100,987.95,987.95,0
10112017x4j2,Galaxy S24 Ultra - AT&T - Titanium Orange - Single Sim - 1TB Premium 90,1ea CELLR181078P,2,90,999.05,999.05,0
10112017x4j2,Galaxy S24 Ultra - AT&T - Titanium Orange - Single Sim - 1TB Excellent 80,1ea CELLR181078,4,80,1008.75,989.35,0
10112017x4j2,Galaxy S24 Ultra - AT&T - Titanium Orange - Single Sim - 1TB Excellent 100,1ea CELLR181078BMP,4,100,1008.75,1008.75,0
10112020e6d3,Galaxy S24 Ultra - T-Mobile - Titanium Orange - Single Sim - 1TB Good 80,1ea CELLR181094,5,80,956.75,938.35,0
10112020e6d3,Galaxy S24 Ultra - T-Mobile - Titanium Orange - Single Sim - 1TB Acceptable 80,1ea CELLR181094-2,6,80,956.75,938.35,0
10112020e6d3,Galaxy S24 Ultra - T-Mobile - Titanium Orange - Single Sim - 1TB Good 100,1ea CELLR181094BMP,5,100,956.75,956.75,0
10112020e6d3,Galaxy S24 Ultra - T-Mobile - Titanium Orange - Single Sim - 1TB Excellent 80,1ea CELLR181092,4,80,987.95,968.95,0
10112020e6d3,Galaxy S24 Ultra - T-Mobile - Titanium Orange - Single Sim - 1TB Excellent 100,1ea CELLR181092BMP,4,100,987.95,987.95,0
10112020e6d3,Galaxy S24 Ultra - T-Mobile - Titanium Orange - Single Sim - 1TB Premium 90,1ea CELLR181093P,2,90,999.05,999.05,0
10112020e6d3,Galaxy S24 Ultra - T-Mobile - Titanium Orange - Single Sim - 1TB Excellent 80,1ea CELLR181093,4,80,1008.75,989.35,0
10112020e6d3,Galaxy S24 Ultra - T-Mobile - Titanium Orange - Single Sim - 1TB Excellent 100,1ea CELLR181093BMP,4,100,1008.75,1008.75,0
10112021n3l3,Galaxy S24 Ultra - Verizon - Titanium Orange - Single Sim - 1TB Good 80,1ea CELLR181099,5,80,908.91,891.43,0
10112021n3l3,Galaxy S24 Ultra - Verizon - Titanium Orange - Single Sim - 1TB Acceptable 80,1ea CELLR181099-2,6,80,908.91,891.43,0
10112021n3l3,Galaxy S24 Ultra - Verizon - Titanium Orange - Single Sim - 1TB Good 100,1ea CELLR181099BMP,5,100,908.91,908.91,0
10112021n3l3,Galaxy S24 Ultra - Verizon - Titanium Orange - Single Sim - 1TB Excellent 80,1ea CELLR181097,4,80,938.55,920.5,0
10112021n3l3,Galaxy S24 Ultra - Verizon - Titanium Orange - Single Sim - 1TB Excellent 100,1ea CELLR181097BMP,4,100,938.55,938.55,0
10112021n3l3,Galaxy S24 Ultra - Verizon - Titanium Orange - Single Sim - 1TB Premium 90,1ea CELLR181098P,2,90,949.1,949.1,0
10112021n3l3,Galaxy S24 Ultra - Verizon - Titanium Orange - Single Sim - 1TB Excellent 80,1ea CELLR181098,4,80,958.31,939.88,0
10112021n3l3,Galaxy S24 Ultra - Verizon - Titanium Orange - Single Sim - 1TB Excellent 100,1ea CELLR181098BMP,4,100,958.31,958.31,0
1011202512c2,Galaxy S22 Ultra (5G) - AT&T - Phantom White - Single Sim - 512GB Good 80,1ea CELLR178879,5,80,467.95,458.95,0
1011202512c2,Galaxy S22 Ultra (5G) - AT&T - Phantom White - Single Sim - 512GB Acceptable 80,1ea CELLR178879-2,6,80,467.95,458.95,0
1011202512c2,Galaxy S22 Ultra (5G) - AT&T - Phantom White - Single Sim - 512GB Good 100,1ea CELLR178879BMP,5,100,467.95,467.95,0
1011202512c2,Galaxy S22 Ultra (5G) - AT&T - Phantom White - Single Sim - 512GB Excellent 80,1ea CELLR178877,4,80,488.75,479.35,0
1011202512c2,Galaxy S22 Ultra (5G) - AT&T - Phantom White - Single Sim - 512GB Excellent 100,1ea CELLR178877BMP,4,100,488.75,488.75,0
1011202512c2,Galaxy S22 Ultra (5G) - AT&T - Phantom White - Single Sim - 512GB Premium 90,1ea CELLR178878P,2,90,504.65,504.65,0
1011202512c2,Galaxy S22 Ultra (5G) - AT&T - Phantom White - Single Sim - 512GB Excellent 80,1ea CELLR178878,4,80,509.55,499.75,0
1011202512c2,Galaxy S22 Ultra (5G) - AT&T - Phantom White - Single Sim - 512GB Excellent 100,1ea CELLR178878BMP,4,100,509.55,509.55,0
1011202674c3,Galaxy S22 (5G) - AT&T - Violet - Single Sim - 256GB Good 80,1ea CELLR177729,5,80,259.95,254.95,0
1011202674c3,Galaxy S22 (5G) - AT&T - Violet - Single Sim - 256GB Acceptable 80,1ea CELLR177729-2,6,80,259.95,254.95,0
1011202674c3,Galaxy S22 (5G) - AT&T - Violet - Single Sim - 256GB Good 100,1ea CELLR177729BMP,5,100,259.95,259.95,0
1011202674c3,Galaxy S22 (5G) - AT&T - Violet - Single Sim - 256GB Excellent 80,1ea CELLR177727,4,80,280.75,275.35,0
1011202674c3,Galaxy S22 (5G) - AT&T - Violet - Single Sim - 256GB Excellent 100,1ea CELLR177727BMP,4,100,280.75,280.75,0
1011202674c3,Galaxy S22 (5G) - AT&T - Violet - Single Sim - 256GB Premium 90,1ea CELLR177728P,2,90,288.35,288.35,0
1011202674c3,Galaxy S22 (5G) - AT&T - Violet - Single Sim - 256GB Excellent 80,1ea CELLR177728,4,80,291.15,285.55,0
1011202674c3,Galaxy S22 (5G) - AT&T - Violet - Single Sim - 256GB Excellent 100,1ea CELLR177728BMP,4,100,291.15,291.15,0
1011202725x4,Galaxy S24 - AT&T - Sandstone Orange - Single Sim - 512GB Good 80,1ea CELLR180554,5,80,561.55,550.75,0
1011202725x4,Galaxy S24 - AT&T - Sandstone Orange - Single Sim - 512GB Acceptable 80,1ea CELLR180554-2,6,80,561.55,550.75,0
1011202725x4,Galaxy S24 - AT&T - Sandstone Orange - Single Sim - 512GB Good 100,1ea CELLR180554BMP,5,100,561.55,561.55,0
1011202725x4,Galaxy S24 - AT&T - Sandstone Orange - Single Sim - 512GB Excellent 80,1ea CELLR180552,4,80,582.35,571.15,0
1011202725x4,Galaxy S24 - AT&T - Sandstone Orange - Single Sim - 512GB Excellent 100,1ea CELLR180552BMP,4,100,582.35,582.35,0
1011202725x4,Galaxy S24 - AT&T - Sandstone Orange - Single Sim - 512GB Premium 90,1ea CELLR180553P,2,90,597.35,597.35,0
1011202725x4,Galaxy S24 - AT&T - Sandstone Orange - Single Sim - 512GB Excellent 80,1ea CELLR180553,4,80,603.15,591.55,0
1011202725x4,Galaxy S24 - AT&T - Sandstone Orange - Single Sim - 512GB Excellent 100,1ea CELLR180553BMP,4,100,603.15,603.15,0
1011202730u4,Galaxy S22 Ultra (5G) - Verizon - Phantom White - Single Sim - 512GB Good 80,1ea CELLR178899,5,80,444.55,436,0
1011202730u4,Galaxy S22 Ultra (5G) - Verizon - Phantom White - Single Sim - 512GB Acceptable 80,1ea CELLR178899-2,6,80,444.55,436,0
1011202730u4,Galaxy S22 Ultra (5G) - Verizon - Phantom White - Single Sim - 512GB Good 100,1ea CELLR178899BMP,5,100,444.55,444.55,0
1011202730u4,Galaxy S22 Ultra (5G) - Verizon - Phantom White - Single Sim - 512GB Excellent 80,1ea CELLR178897,4,80,464.31,455.38,0
1011202730u4,Galaxy S22 Ultra (5G) - Verizon - Phantom White - Single Sim - 512GB Excellent 100,1ea CELLR178897BMP,4,100,464.31,464.31,0
1011202730u4,Galaxy S22 Ultra (5G) - Verizon - Phantom White - Single Sim - 512GB Premium 90,1ea CELLR178898P,2,90,479.42,479.42,0
1011202730u4,Galaxy S22 Ultra (5G) - Verizon - Phantom White - Single Sim - 512GB Excellent 80,1ea CELLR178898,4,80,484.07,474.76,0
1011202730u4,Galaxy S22 Ultra (5G) - Verizon - Phantom White - Single Sim - 512GB Excellent 100,1ea CELLR178898BMP,4,100,484.07,484.07,0
1011202735n3,Galaxy S22 (5G) - T-Mobile - Violet - Single Sim - 256GB Good 80,1ea CELLR177744,5,80,259.95,254.95,0
1011202735n3,Galaxy S22 (5G) - T-Mobile - Violet - Single Sim - 256GB Acceptable 80,1ea CELLR177744-2,6,80,259.95,254.95,0
1011202735n3,Galaxy S22 (5G) - T-Mobile - Violet - Single Sim - 256GB Good 100,1ea CELLR177744BMP,5,100,259.95,259.95,0
1011202735n3,Galaxy S22 (5G) - T-Mobile - Violet - Single Sim - 256GB Excellent 80,1ea CELLR177742,4,80,280.75,275.35,0
1011202735n3,Galaxy S22 (5G) - T-Mobile - Violet - Single Sim - 256GB Excellent 100,1ea CELLR177742BMP,4,100,280.75,280.75,0
1011202735n3,Galaxy S22 (5G) - T-Mobile - Violet - Single Sim - 256GB Premium 90,1ea CELLR177743P,2,90,288.35,288.35,0
1011202735n3,Galaxy S22 (5G) - T-Mobile - Violet - Single Sim - 256GB Excellent 80,1ea CELLR177743,4,80,291.15,285.55,0
1011202735n3,Galaxy S22 (5G) - T-Mobile - Violet - Single Sim - 256GB Excellent 100,1ea CELLR177743BMP,4,100,291.15,291.15,0
1011203284x3,Galaxy S24 - T-Mobile - Sandstone Orange - Single Sim - 512GB Good 80,1ea CELLR180569,5,80,561.55,550.75,0
1011203284x3,Galaxy S24 - T-Mobile - Sandstone Orange - Single Sim - 512GB Acceptable 80,1ea CELLR180569-2,6,80,561.55,550.75,0
1011203284x3,Galaxy S24 - T-Mobile - Sandstone Orange - Single Sim - 512GB Good 100,1ea CELLR180569BMP,5,100,561.55,561.55,0
1011203284x3,Galaxy S24 - T-Mobile - Sandstone Orange - Single Sim - 512GB Excellent 80,1ea CELLR180567,4,80,582.35,571.15,0
1011203284x3,Galaxy S24 - T-Mobile - Sandstone Orange - Single Sim - 512GB Excellent 100,1ea CELLR180567BMP,4,100,582.35,582.35,0
1011203284x3,Galaxy S24 - T-Mobile - Sandstone Orange - Single Sim - 512GB Premium 90,1ea CELLR180568P,2,90,597.35,597.35,0
1011203284x3,Galaxy S24 - T-Mobile - Sandstone Orange - Single Sim - 512GB Excellent 80,1ea CELLR180568,4,80,603.15,591.55,0
1011203284x3,Galaxy S24 - T-Mobile - Sandstone Orange - Single Sim - 512GB Excellent 100,1ea CELLR180568BMP,4,100,603.15,603.15,0
1011203290p4,Galaxy S22 (5G) - Verizon - Violet - Single Sim - 256GB Good 80,1ea CELLR177749,5,80,246.95,242.2,0
1011203290p4,Galaxy S22 (5G) - Verizon - Violet - Single Sim - 256GB Acceptable 80,1ea CELLR177749-2,6,80,246.95,242.2,0
1011203290p4,Galaxy S22 (5G) - Verizon - Violet - Single Sim - 256GB Good 100,1ea CELLR177749BMP,5,100,246.95,246.95,0
1011203290p4,Galaxy S22 (5G) - Verizon - Violet - Single Sim - 256GB Excellent 80,1ea CELLR177747,4,80,266.71,261.58,0
1011203290p4,Galaxy S22 (5G) - Verizon - Violet - Single Sim - 256GB Excellent 100,1ea CELLR177747BMP,4,100,266.71,266.71,0
1011203290p4,Galaxy S22 (5G) - Verizon - Violet - Single Sim - 256GB Premium 90,1ea CELLR177748P,2,90,273.93,273.93,0
1011203290p4,Galaxy S22 (5G) - Verizon - Violet - Single Sim - 256GB Excellent 80,1ea CELLR177748,4,80,276.59,271.27,0
1011203290p4,Galaxy S22 (5G) - Verizon - Violet - Single Sim - 256GB Excellent 100,1ea CELLR177748BMP,4,100,276.59,276.59,0
10112032v2h5,Galaxy S24 - Verizon - Sandstone Orange - Single Sim - 512GB Good 80,1ea CELLR180574,5,80,533.47,523.21,0
10112032v2h5,Galaxy S24 - Verizon - Sandstone Orange - Single Sim - 512GB Acceptable 80,1ea CELLR180574-2,6,80,533.47,523.21,0
10112032v2h5,Galaxy S24 - Verizon - Sandstone Orange - Single Sim - 512GB Good 100,1ea CELLR180574BMP,5,100,533.47,533.47,0
10112032v2h5,Galaxy S24 - Verizon - Sandstone Orange - Single Sim - 512GB Excellent 80,1ea CELLR180572,4,80,553.23,542.59,0
10112032v2h5,Galaxy S24 - Verizon - Sandstone Orange - Single Sim - 512GB Excellent 100,1ea CELLR180572BMP,4,100,553.23,553.23,0
10112032v2h5,Galaxy S24 - Verizon - Sandstone Orange - Single Sim - 512GB Premium 90,1ea CELLR180573P,2,90,567.48,567.48,0
10112032v2h5,Galaxy S24 - Verizon - Sandstone Orange - Single Sim - 512GB Excellent 80,1ea CELLR180573,4,80,572.99,561.97,0
10112032v2h5,Galaxy S24 - Verizon - Sandstone Orange - Single Sim - 512GB Excellent 100,1ea CELLR180573BMP,4,100,572.99,572.99,0
10112034e6k0,Galaxy S24 Ultra - AT&T - Titanium Yellow - Single Sim - 1TB Good 80,1ea CELLR181129,5,80,956.75,938.35,0
10112034e6k0,Galaxy S24 Ultra - AT&T - Titanium Yellow - Single Sim - 1TB Acceptable 80,1ea CELLR181129-2,6,80,956.75,938.35,0
10112034e6k0,Galaxy S24 Ultra - AT&T - Titanium Yellow - Single Sim - 1TB Good 100,1ea CELLR181129BMP,5,100,956.75,956.75,0
10112034e6k0,Galaxy S24 Ultra - AT&T - Titanium Yellow - Single Sim - 1TB Excellent 80,1ea CELLR181127,4,80,987.95,968.95,0
10112034e6k0,Galaxy S24 Ultra - AT&T - Titanium Yellow - Single Sim - 1TB Excellent 100,1ea CELLR181127BMP,4,100,987.95,987.95,0
10112034e6k0,Galaxy S24 Ultra - AT&T - Titanium Yellow - Single Sim - 1TB Premium 90,1ea CELLR181128P,2,90,999.05,999.05,0
10112034e6k0,Galaxy S24 Ultra - AT&T - Titanium Yellow - Single Sim - 1TB Excellent 80,1ea CELLR181128,4,80,1008.75,989.35,0
10112034e6k0,Galaxy S24 Ultra - AT&T - Titanium Yellow - Single Sim - 1TB Excellent 100,1ea CELLR181128BMP,4,100,1008.75,1008.75,0
10112035c6f2,Galaxy S24 Ultra - T-Mobile - Titanium Yellow - Single Sim - 1TB Good 80,1ea CELLR181144,5,80,956.75,938.35,0
10112035c6f2,Galaxy S24 Ultra - T-Mobile - Titanium Yellow - Single Sim - 1TB Acceptable 80,1ea CELLR181144-2,6,80,956.75,938.35,0
10112035c6f2,Galaxy S24 Ultra - T-Mobile - Titanium Yellow - Single Sim - 1TB Good 100,1ea CELLR181144BMP,5,100,956.75,956.75,0
10112035c6f2,Galaxy S24 Ultra - T-Mobile - Titanium Yellow - Single Sim - 1TB Excellent 80,1ea CELLR181142,4,80,987.95,968.95,0
10112035c6f2,Galaxy S24 Ultra - T-Mobile - Titanium Yellow - Single Sim - 1TB Excellent 100,1ea CELLR181142BMP,4,100,987.95,987.95,0
10112035c6f2,Galaxy S24 Ultra - T-Mobile - Titanium Yellow - Single Sim - 1TB Premium 90,1ea CELLR181143P,2,90,999.05,999.05,0
10112035c6f2,Galaxy S24 Ultra - T-Mobile - Titanium Yellow - Single Sim - 1TB Excellent 80,1ea CELLR181143,4,80,1008.75,989.35,0
10112035c6f2,Galaxy S24 Ultra - T-Mobile - Titanium Yellow - Single Sim - 1TB Excellent 100,1ea CELLR181143BMP,4,100,1008.75,1008.75,0
1011203633q3,Galaxy S24 Ultra - Verizon - Titanium Yellow - Single Sim - 1TB Good 80,1ea CELLR181149,5,80,908.91,891.43,0
1011203633q3,Galaxy S24 Ultra - Verizon - Titanium Yellow - Single Sim - 1TB Acceptable 80,1ea CELLR181149-2,6,80,908.91,891.43,0
1011203633q3,Galaxy S24 Ultra - Verizon - Titanium Yellow - Single Sim - 1TB Good 100,1ea CELLR181149BMP,5,100,908.91,908.91,0
1011203633q3,Galaxy S24 Ultra - Verizon - Titanium Yellow - Single Sim - 1TB Excellent 80,1ea CELLR181147,4,80,938.55,920.5,0
1011203633q3,Galaxy S24 Ultra - Verizon - Titanium Yellow - Single Sim - 1TB Excellent 100,1ea CELLR181147BMP,4,100,938.55,938.55,0
1011203633q3,Galaxy S24 Ultra - Verizon - Titanium Yellow - Single Sim - 1TB Premium 90,1ea CELLR181148P,2,90,949.1,949.1,0
1011203633q3,Galaxy S24 Ultra - Verizon - Titanium Yellow - Single Sim - 1TB Excellent 80,1ea CELLR181148,4,80,958.31,939.88,0
1011203633q3,Galaxy S24 Ultra - Verizon - Titanium Yellow - Single Sim - 1TB Excellent 100,1ea CELLR181148BMP,4,100,958.31,958.31,0
10112040q0v6,Galaxy S22 Ultra (5G) - AT&T - Sky Blue - Single Sim - 512GB Good 80,1ea CELLR178754,5,80,467.95,458.95,0
10112040q0v6,Galaxy S22 Ultra (5G) - AT&T - Sky Blue - Single Sim - 512GB Acceptable 80,1ea CELLR178754-2,6,80,467.95,458.95,0
10112040q0v6,Galaxy S22 Ultra (5G) - AT&T - Sky Blue - Single Sim - 512GB Good 100,1ea CELLR178754BMP,5,100,467.95,467.95,0
10112040q0v6,Galaxy S22 Ultra (5G) - AT&T - Sky Blue - Single Sim - 512GB Excellent 80,1ea CELLR178752,4,80,488.75,479.35,0
10112040q0v6,Galaxy S22 Ultra (5G) - AT&T - Sky Blue - Single Sim - 512GB Excellent 100,1ea CELLR178752BMP,4,100,488.75,488.75,0
10112040q0v6,Galaxy S22 Ultra (5G) - AT&T - Sky Blue - Single Sim - 512GB Premium 90,1ea CELLR178753P,2,90,504.65,504.65,0
10112040q0v6,Galaxy S22 Ultra (5G) - AT&T - Sky Blue - Single Sim - 512GB Excellent 80,1ea CELLR178753,4,80,509.55,499.75,0
10112040q0v6,Galaxy S22 Ultra (5G) - AT&T - Sky Blue - Single Sim - 512GB Excellent 100,1ea CELLR178753BMP,4,100,509.55,509.55,0
10112041k1g2,Galaxy S22 Ultra (5G) - T-Mobile - Sky Blue - Single Sim - 512GB Good 80,1ea CELLR178769,5,80,467.95,458.95,0
10112041k1g2,Galaxy S22 Ultra (5G) - T-Mobile - Sky Blue - Single Sim - 512GB Acceptable 80,1ea CELLR178769-2,6,80,467.95,458.95,0
10112041k1g2,Galaxy S22 Ultra (5G) - T-Mobile - Sky Blue - Single Sim - 512GB Good 100,1ea CELLR178769BMP,5,100,467.95,467.95,0
10112041k1g2,Galaxy S22 Ultra (5G) - T-Mobile - Sky Blue - Single Sim - 512GB Excellent 80,1ea CELLR178767,4,80,488.75,479.35,0
10112041k1g2,Galaxy S22 Ultra (5G) - T-Mobile - Sky Blue - Single Sim - 512GB Excellent 100,1ea CELLR178767BMP,4,100,488.75,488.75,0
10112041k1g2,Galaxy S22 Ultra (5G) - T-Mobile - Sky Blue - Single Sim - 512GB Premium 90,1ea CELLR178768P,2,90,504.65,504.65,0
10112041k1g2,Galaxy S22 Ultra (5G) - T-Mobile - Sky Blue - Single Sim - 512GB Excellent 80,1ea CELLR178768,4,80,509.55,499.75,0
10112041k1g2,Galaxy S22 Ultra (5G) - T-Mobile - Sky Blue - Single Sim - 512GB Excellent 100,1ea CELLR178768BMP,4,100,509.55,509.55,0
10112042d3r1,Galaxy S24 - AT&T - Sapphire Blue - Single Sim - 512GB Good 80,1ea CELLR180479,5,80,561.55,550.75,0
10112042d3r1,Galaxy S24 - AT&T - Sapphire Blue - Single Sim - 512GB Acceptable 80,1ea CELLR180479-2,6,80,561.55,550.75,0
10112042d3r1,Galaxy S24 - AT&T - Sapphire Blue - Single Sim - 512GB Good 100,1ea CELLR180479BMP,5,100,561.55,561.55,0
10112042d3r1,Galaxy S24 - AT&T - Sapphire Blue - Single Sim - 512GB Excellent 80,1ea CELLR180477,4,80,582.35,571.15,0
10112042d3r1,Galaxy S24 - AT&T - Sapphire Blue - Single Sim - 512GB Excellent 100,1ea CELLR180477BMP,4,100,582.35,582.35,0
10112042d3r1,Galaxy S24 - AT&T - Sapphire Blue - Single Sim - 512GB Premium 90,1ea CELLR180478P,2,90,597.35,597.35,0
10112042d3r1,Galaxy S24 - AT&T - Sapphire Blue - Single Sim - 512GB Excellent 80,1ea CELLR180478,4,80,603.15,591.55,0
10112042d3r1,Galaxy S24 - AT&T - Sapphire Blue - Single Sim - 512GB Excellent 100,1ea CELLR180478BMP,4,100,603.15,603.15,0
1011204303d6,Galaxy S22 Ultra (5G) - Verizon - Sky Blue - Single Sim - 512GB Good 80,1ea CELLR178774,5,80,444.55,436,0
1011204303d6,Galaxy S22 Ultra (5G) - Verizon - Sky Blue - Single Sim - 512GB Acceptable 80,1ea CELLR178774-2,6,80,444.55,436,0
1011204303d6,Galaxy S22 Ultra (5G) - Verizon - Sky Blue - Single Sim - 512GB Good 100,1ea CELLR178774BMP,5,100,444.55,444.55,0
1011204303d6,Galaxy S22 Ultra (5G) - Verizon - Sky Blue - Single Sim - 512GB Excellent 80,1ea CELLR178772,4,80,464.31,455.38,0
1011204303d6,Galaxy S22 Ultra (5G) - Verizon - Sky Blue - Single Sim - 512GB Excellent 100,1ea CELLR178772BMP,4,100,464.31,464.31,0
1011204303d6,Galaxy S22 Ultra (5G) - Verizon - Sky Blue - Single Sim - 512GB Premium 90,1ea CELLR178773P,2,90,479.42,479.42,0
1011204303d6,Galaxy S22 Ultra (5G) - Verizon - Sky Blue - Single Sim - 512GB Excellent 80,1ea CELLR178773,4,80,484.07,474.76,0
1011204303d6,Galaxy S22 Ultra (5G) - Verizon - Sky Blue - Single Sim - 512GB Excellent 100,1ea CELLR178773BMP,4,100,484.07,484.07,0
10112043h0x0,Galaxy S24 - T-Mobile - Sapphire Blue - Single Sim - 512GB Good 80,1ea CELLR180494,5,80,561.55,550.75,0
10112043h0x0,Galaxy S24 - T-Mobile - Sapphire Blue - Single Sim - 512GB Acceptable 80,1ea CELLR180494-2,6,80,561.55,550.75,0
10112043h0x0,Galaxy S24 - T-Mobile - Sapphire Blue - Single Sim - 512GB Good 100,1ea CELLR180494BMP,5,100,561.55,561.55,0
10112043h0x0,Galaxy S24 - T-Mobile - Sapphire Blue - Single Sim - 512GB Excellent 80,1ea CELLR180492,4,80,582.35,571.15,0
10112043h0x0,Galaxy S24 - T-Mobile - Sapphire Blue - Single Sim - 512GB Excellent 100,1ea CELLR180492BMP,4,100,582.35,582.35,0
10112043h0x0,Galaxy S24 - T-Mobile - Sapphire Blue - Single Sim - 512GB Premium 90,1ea CELLR180493P,2,90,597.35,597.35,0
10112043h0x0,Galaxy S24 - T-Mobile - Sapphire Blue - Single Sim - 512GB Excellent 80,1ea CELLR180493,4,80,603.15,591.55,0
10112043h0x0,Galaxy S24 - T-Mobile - Sapphire Blue - Single Sim - 512GB Excellent 100,1ea CELLR180493BMP,4,100,603.15,603.15,0
10112044b290,Galaxy S24 - Verizon - Sapphire Blue - Single Sim - 512GB Good 80,1ea CELLR180499,5,80,533.47,523.21,0
10112044b290,Galaxy S24 - Verizon - Sapphire Blue - Single Sim - 512GB Acceptable 80,1ea CELLR180499-2,6,80,533.47,523.21,0
10112044b290,Galaxy S24 - Verizon - Sapphire Blue - Single Sim - 512GB Good 100,1ea CELLR180499BMP,5,100,533.47,533.47,0
10112044b290,Galaxy S24 - Verizon - Sapphire Blue - Single Sim - 512GB Excellent 80,1ea CELLR180497,4,80,553.23,542.59,0
10112044b290,Galaxy S24 - Verizon - Sapphire Blue - Single Sim - 512GB Excellent 100,1ea CELLR180497BMP,4,100,553.23,553.23,0
10112044b290,Galaxy S24 - Verizon - Sapphire Blue - Single Sim - 512GB Premium 90,1ea CELLR180498P,2,90,567.48,567.48,0
10112044b290,Galaxy S24 - Verizon - Sapphire Blue - Single Sim - 512GB Excellent 80,1ea CELLR180498,4,80,572.99,561.97,0
10112044b290,Galaxy S24 - Verizon - Sapphire Blue - Single Sim - 512GB Excellent 100,1ea CELLR180498BMP,4,100,572.99,572.99,0
10112045w3k3,Galaxy S24 Ultra - AT&T - Titanium Blue - Single Sim - 1TB Good 80,1ea CELLR181004,5,80,956.75,938.35,0
10112045w3k3,Galaxy S24 Ultra - AT&T - Titanium Blue - Single Sim - 1TB Acceptable 80,1ea CELLR181004-2,6,80,956.75,938.35,0
10112045w3k3,Galaxy S24 Ultra - AT&T - Titanium Blue - Single Sim - 1TB Good 100,1ea CELLR181004BMP,5,100,956.75,956.75,0
10112045w3k3,Galaxy S24 Ultra - AT&T - Titanium Blue - Single Sim - 1TB Excellent 80,1ea CELLR181002,4,80,987.95,968.95,0
10112045w3k3,Galaxy S24 Ultra - AT&T - Titanium Blue - Single Sim - 1TB Excellent 100,1ea CELLR181002BMP,4,100,987.95,987.95,0
10112045w3k3,Galaxy S24 Ultra - AT&T - Titanium Blue - Single Sim - 1TB Premium 90,1ea CELLR181003P,2,90,999.05,999.05,0
10112045w3k3,Galaxy S24 Ultra - AT&T - Titanium Blue - Single Sim - 1TB Excellent 80,1ea CELLR181003,4,80,1008.75,989.35,0
10112045w3k3,Galaxy S24 Ultra - AT&T - Titanium Blue - Single Sim - 1TB Excellent 100,1ea CELLR181003BMP,4,100,1008.75,1008.75,0
10112050x2l1,Galaxy S24 Ultra - T-Mobile - Titanium Blue - Single Sim - 1TB Good 80,1ea CELLR181019,5,80,956.75,938.35,0
10112050x2l1,Galaxy S24 Ultra - T-Mobile - Titanium Blue - Single Sim - 1TB Acceptable 80,1ea CELLR181019-2,6,80,956.75,938.35,0
10112050x2l1,Galaxy S24 Ultra - T-Mobile - Titanium Blue - Single Sim - 1TB Good 100,1ea CELLR181019BMP,5,100,956.75,956.75,0
10112050x2l1,Galaxy S24 Ultra - T-Mobile - Titanium Blue - Single Sim - 1TB Excellent 80,1ea CELLR181017,4,80,987.95,968.95,0
10112050x2l1,Galaxy S24 Ultra - T-Mobile - Titanium Blue - Single Sim - 1TB Excellent 100,1ea CELLR181017BMP,4,100,987.95,987.95,0
10112050x2l1,Galaxy S24 Ultra - T-Mobile - Titanium Blue - Single Sim - 1TB Premium 90,1ea CELLR181018P,2,90,999.05,999.05,0
10112050x2l1,Galaxy S24 Ultra - T-Mobile - Titanium Blue - Single Sim - 1TB Excellent 80,1ea CELLR181018,4,80,1008.75,989.35,0
10112050x2l1,Galaxy S24 Ultra - T-Mobile - Titanium Blue - Single Sim - 1TB Excellent 100,1ea CELLR181018BMP,4,100,1008.75,1008.75,0
10112051s3w0,Galaxy S24 Ultra - Verizon - Titanium Blue - Single Sim - 1TB Good 80,1ea CELLR181024,5,80,908.91,891.43,0
10112051s3w0,Galaxy S24 Ultra - Verizon - Titanium Blue - Single Sim - 1TB Acceptable 80,1ea CELLR181024-2,6,80,908.91,891.43,0
10112051s3w0,Galaxy S24 Ultra - Verizon - Titanium Blue - Single Sim - 1TB Good 100,1ea CELLR181024BMP,5,100,908.91,908.91,0
10112051s3w0,Galaxy S24 Ultra - Verizon - Titanium Blue - Single Sim - 1TB Excellent 80,1ea CELLR181022,4,80,938.55,920.5,0
10112051s3w0,Galaxy S24 Ultra - Verizon - Titanium Blue - Single Sim - 1TB Excellent 100,1ea CELLR181022BMP,4,100,938.55,938.55,0
10112051s3w0,Galaxy S24 Ultra - Verizon - Titanium Blue - Single Sim - 1TB Premium 90,1ea CELLR181023P,2,90,949.1,949.1,0
10112051s3w0,Galaxy S24 Ultra - Verizon - Titanium Blue - Single Sim - 1TB Excellent 80,1ea CELLR181023,4,80,958.31,939.88,0
10112051s3w0,Galaxy S24 Ultra - Verizon - Titanium Blue - Single Sim - 1TB Excellent 100,1ea CELLR181023BMP,4,100,958.31,958.31,0
10112054v224,Galaxy S22 Ultra (5G) - AT&T - Green - Single Sim - 512GB Good 80,1ea CELLR178804,5,80,467.95,458.95,0
10112054v224,Galaxy S22 Ultra (5G) - AT&T - Green - Single Sim - 512GB Acceptable 80,1ea CELLR178804-2,6,80,467.95,458.95,0
10112054v224,Galaxy S22 Ultra (5G) - AT&T - Green - Single Sim - 512GB Good 100,1ea CELLR178804BMP,5,100,467.95,467.95,0
10112054v224,Galaxy S22 Ultra (5G) - AT&T - Green - Single Sim - 512GB Excellent 80,1ea CELLR178802,4,80,488.75,479.35,0
10112054v224,Galaxy S22 Ultra (5G) - AT&T - Green - Single Sim - 512GB Excellent 100,1ea CELLR178802BMP,4,100,488.75,488.75,0
10112054v224,Galaxy S22 Ultra (5G) - AT&T - Green - Single Sim - 512GB Premium 90,1ea CELLR178803P,2,90,504.65,504.65,0
10112054v224,Galaxy S22 Ultra (5G) - AT&T - Green - Single Sim - 512GB Excellent 80,1ea CELLR178803,4,80,509.55,499.75,0
10112054v224,Galaxy S22 Ultra (5G) - AT&T - Green - Single Sim - 512GB Excellent 100,1ea CELLR178803BMP,4,100,509.55,509.55,0
1011205630a6,Galaxy S22 Ultra (5G) - T-Mobile - Green - Single Sim - 512GB Good 80,1ea CELLR178819,5,80,467.95,458.95,0
1011205630a6,Galaxy S22 Ultra (5G) - T-Mobile - Green - Single Sim - 512GB Acceptable 80,1ea CELLR178819-2,6,80,467.95,458.95,0
1011205630a6,Galaxy S22 Ultra (5G) - T-Mobile - Green - Single Sim - 512GB Good 100,1ea CELLR178819BMP,5,100,467.95,467.95,0
1011205630a6,Galaxy S22 Ultra (5G) - T-Mobile - Green - Single Sim - 512GB Excellent 80,1ea CELLR178817,4,80,488.75,479.35,0
1011205630a6,Galaxy S22 Ultra (5G) - T-Mobile - Green - Single Sim - 512GB Excellent 100,1ea CELLR178817BMP,4,100,488.75,488.75,0
1011205630a6,Galaxy S22 Ultra (5G) - T-Mobile - Green - Single Sim - 512GB Premium 90,1ea CELLR178818P,2,90,504.65,504.65,0
1011205630a6,Galaxy S22 Ultra (5G) - T-Mobile - Green - Single Sim - 512GB Excellent 80,1ea CELLR178818,4,80,509.55,499.75,0
1011205630a6,Galaxy S22 Ultra (5G) - T-Mobile - Green - Single Sim - 512GB Excellent 100,1ea CELLR178818BMP,4,100,509.55,509.55,0
10112056v173,Galaxy S22 Ultra (5G) - Verizon - Green - Single Sim - 512GB Good 80,1ea CELLR178824,5,80,444.55,436,0
10112056v173,Galaxy S22 Ultra (5G) - Verizon - Green - Single Sim - 512GB Acceptable 80,1ea CELLR178824-2,6,80,444.55,436,0
10112056v173,Galaxy S22 Ultra (5G) - Verizon - Green - Single Sim - 512GB Good 100,1ea CELLR178824BMP,5,100,444.55,444.55,0
10112056v173,Galaxy S22 Ultra (5G) - Verizon - Green - Single Sim - 512GB Excellent 80,1ea CELLR178822,4,80,464.31,455.38,0
10112056v173,Galaxy S22 Ultra (5G) - Verizon - Green - Single Sim - 512GB Excellent 100,1ea CELLR178822BMP,4,100,464.31,464.31,0
10112056v173,Galaxy S22 Ultra (5G) - Verizon - Green - Single Sim - 512GB Premium 90,1ea CELLR178823P,2,90,479.42,479.42,0
10112056v173,Galaxy S22 Ultra (5G) - Verizon - Green - Single Sim - 512GB Excellent 80,1ea CELLR178823,4,80,484.07,474.76,0
10112056v173,Galaxy S22 Ultra (5G) - Verizon - Green - Single Sim - 512GB Excellent 100,1ea CELLR178823BMP,4,100,484.07,484.07,0
10112056v356,Galaxy S24 - AT&T - Marble Gray - Single Sim - 512GB Good 80,1ea CELLR180504,5,80,561.55,550.75,0
10112056v356,Galaxy S24 - AT&T - Marble Gray - Single Sim - 512GB Acceptable 80,1ea CELLR180504-2,6,80,561.55,550.75,0
10112056v356,Galaxy S24 - AT&T - Marble Gray - Single Sim - 512GB Good 100,1ea CELLR180504BMP,5,100,561.55,561.55,0
10112056v356,Galaxy S24 - AT&T - Marble Gray - Single Sim - 512GB Excellent 80,1ea CELLR180502,4,80,582.35,571.15,0
10112056v356,Galaxy S24 - AT&T - Marble Gray - Single Sim - 512GB Excellent 100,1ea CELLR180502BMP,4,100,582.35,582.35,0
10112056v356,Galaxy S24 - AT&T - Marble Gray - Single Sim - 512GB Premium 90,1ea CELLR180503P,2,90,597.35,597.35,0
10112056v356,Galaxy S24 - AT&T - Marble Gray - Single Sim - 512GB Excellent 80,1ea CELLR180503,4,80,603.15,591.55,0
10112056v356,Galaxy S24 - AT&T - Marble Gray - Single Sim - 512GB Excellent 100,1ea CELLR180503BMP,4,100,603.15,603.15,0
10112060s5j6,Galaxy S24 - Verizon - Marble Gray - Single Sim - 512GB Good 80,1ea CELLR180524,5,80,533.47,523.21,0
10112060s5j6,Galaxy S24 - Verizon - Marble Gray - Single Sim - 512GB Acceptable 80,1ea CELLR180524-2,6,80,533.47,523.21,0
10112060s5j6,Galaxy S24 - Verizon - Marble Gray - Single Sim - 512GB Good 100,1ea CELLR180524BMP,5,100,533.47,533.47,0
10112060s5j6,Galaxy S24 - Verizon - Marble Gray - Single Sim - 512GB Excellent 80,1ea CELLR180522,4,80,553.23,542.59,0
10112060s5j6,Galaxy S24 - Verizon - Marble Gray - Single Sim - 512GB Excellent 100,1ea CELLR180522BMP,4,100,553.23,553.23,0
10112060s5j6,Galaxy S24 - Verizon - Marble Gray - Single Sim - 512GB Premium 90,1ea CELLR180523P,2,90,567.48,567.48,0
10112060s5j6,Galaxy S24 - Verizon - Marble Gray - Single Sim - 512GB Excellent 80,1ea CELLR180523,4,80,572.99,561.97,0
10112060s5j6,Galaxy S24 - Verizon - Marble Gray - Single Sim - 512GB Excellent 100,1ea CELLR180523BMP,4,100,572.99,572.99,0
10112061m0b0,Galaxy S24 Ultra - AT&T - Titanium Gray - Single Sim - 1TB Good 80,1ea CELLR181029,5,80,956.75,938.35,0
10112061m0b0,Galaxy S24 Ultra - AT&T - Titanium Gray - Single Sim - 1TB Acceptable 80,1ea CELLR181029-2,6,80,956.75,938.35,0
10112061m0b0,Galaxy S24 Ultra - AT&T - Titanium Gray - Single Sim - 1TB Good 100,1ea CELLR181029BMP,5,100,956.75,956.75,0
10112061m0b0,Galaxy S24 Ultra - AT&T - Titanium Gray - Single Sim - 1TB Excellent 80,1ea CELLR181027,4,80,987.95,968.95,0
10112061m0b0,Galaxy S24 Ultra - AT&T - Titanium Gray - Single Sim - 1TB Excellent 100,1ea CELLR181027BMP,4,100,987.95,987.95,0
10112061m0b0,Galaxy S24 Ultra - AT&T - Titanium Gray - Single Sim - 1TB Premium 90,1ea CELLR181028P,2,90,999.05,999.05,0
10112061m0b0,Galaxy S24 Ultra - AT&T - Titanium Gray - Single Sim - 1TB Excellent 80,1ea CELLR181028,4,80,1008.75,989.35,0
10112061m0b0,Galaxy S24 Ultra - AT&T - Titanium Gray - Single Sim - 1TB Excellent 100,1ea CELLR181028BMP,4,100,1008.75,1008.75,0
10112062s0w5,Galaxy S24 Ultra - T-Mobile - Titanium Gray - Single Sim - 1TB Good 80,1ea CELLR181044,5,80,956.75,938.35,0
10112062s0w5,Galaxy S24 Ultra - T-Mobile - Titanium Gray - Single Sim - 1TB Acceptable 80,1ea CELLR181044-2,6,80,956.75,938.35,0
10112062s0w5,Galaxy S24 Ultra - T-Mobile - Titanium Gray - Single Sim - 1TB Good 100,1ea CELLR181044BMP,5,100,956.75,956.75,0
10112062s0w5,Galaxy S24 Ultra - T-Mobile - Titanium Gray - Single Sim - 1TB Excellent 80,1ea CELLR181042,4,80,987.95,968.95,0
10112062s0w5,Galaxy S24 Ultra - T-Mobile - Titanium Gray - Single Sim - 1TB Excellent 100,1ea CELLR181042BMP,4,100,987.95,987.95,0
10112062s0w5,Galaxy S24 Ultra - T-Mobile - Titanium Gray - Single Sim - 1TB Premium 90,1ea CELLR181043P,2,90,999.05,999.05,0
10112062s0w5,Galaxy S24 Ultra - T-Mobile - Titanium Gray - Single Sim - 1TB Excellent 80,1ea CELLR181043,4,80,1008.75,989.35,0
10112062s0w5,Galaxy S24 Ultra - T-Mobile - Titanium Gray - Single Sim - 1TB Excellent 100,1ea CELLR181043BMP,4,100,1008.75,1008.75,0
10112063j682,Galaxy S24 Ultra - Verizon - Titanium Gray - Single Sim - 1TB Good 80,1ea CELLR181049,5,80,908.91,891.43,0
10112063j682,Galaxy S24 Ultra - Verizon - Titanium Gray - Single Sim - 1TB Acceptable 80,1ea CELLR181049-2,6,80,908.91,891.43,0
10112063j682,Galaxy S24 Ultra - Verizon - Titanium Gray - Single Sim - 1TB Good 100,1ea CELLR181049BMP,5,100,908.91,908.91,0
10112063j682,Galaxy S24 Ultra - Verizon - Titanium Gray - Single Sim - 1TB Excellent 80,1ea CELLR181047,4,80,938.55,920.5,0
10112063j682,Galaxy S24 Ultra - Verizon - Titanium Gray - Single Sim - 1TB Excellent 100,1ea CELLR181047BMP,4,100,938.55,938.55,0
10112063j682,Galaxy S24 Ultra - Verizon - Titanium Gray - Single Sim - 1TB Premium 90,1ea CELLR181048P,2,90,949.1,949.1,0
10112063j682,Galaxy S24 Ultra - Verizon - Titanium Gray - Single Sim - 1TB Excellent 80,1ea CELLR181048,4,80,958.31,939.88,0
10112063j682,Galaxy S24 Ultra - Verizon - Titanium Gray - Single Sim - 1TB Excellent 100,1ea CELLR181048BMP,4,100,958.31,958.31,0
10112066c0n7,Galaxy S22 Ultra (5G) - AT&T - Burgundy - Single Sim - 512GB Good 80,1ea CELLR178829,5,80,467.95,458.95,0
10112066c0n7,Galaxy S22 Ultra (5G) - AT&T - Burgundy - Single Sim - 512GB Acceptable 80,1ea CELLR178829-2,6,80,467.95,458.95,0
10112066c0n7,Galaxy S22 Ultra (5G) - AT&T - Burgundy - Single Sim - 512GB Good 100,1ea CELLR178829BMP,5,100,467.95,467.95,0
10112066c0n7,Galaxy S22 Ultra (5G) - AT&T - Burgundy - Single Sim - 512GB Excellent 80,1ea CELLR178827,4,80,488.75,479.35,0
10112066c0n7,Galaxy S22 Ultra (5G) - AT&T - Burgundy - Single Sim - 512GB Excellent 100,1ea CELLR178827BMP,4,100,488.75,488.75,0
10112066c0n7,Galaxy S22 Ultra (5G) - AT&T - Burgundy - Single Sim - 512GB Premium 90,1ea CELLR178828P,2,90,504.65,504.65,0
10112066c0n7,Galaxy S22 Ultra (5G) - AT&T - Burgundy - Single Sim - 512GB Excellent 80,1ea CELLR178828,4,80,509.55,499.75,0
10112066c0n7,Galaxy S22 Ultra (5G) - AT&T - Burgundy - Single Sim - 512GB Excellent 100,1ea CELLR178828BMP,4,100,509.55,509.55,0
1011206737t1,Galaxy S22 Ultra (5G) - T-Mobile - Burgundy - Single Sim - 512GB Good 80,1ea CELLR178844,5,80,467.95,458.95,0
1011206737t1,Galaxy S22 Ultra (5G) - T-Mobile - Burgundy - Single Sim - 512GB Acceptable 80,1ea CELLR178844-2,6,80,467.95,458.95,0
1011206737t1,Galaxy S22 Ultra (5G) - T-Mobile - Burgundy - Single Sim - 512GB Good 100,1ea CELLR178844BMP,5,100,467.95,467.95,0
1011206737t1,Galaxy S22 Ultra (5G) - T-Mobile - Burgundy - Single Sim - 512GB Excellent 80,1ea CELLR178842,4,80,488.75,479.35,0
1011206737t1,Galaxy S22 Ultra (5G) - T-Mobile - Burgundy - Single Sim - 512GB Excellent 100,1ea CELLR178842BMP,4,100,488.75,488.75,0
1011206737t1,Galaxy S22 Ultra (5G) - T-Mobile - Burgundy - Single Sim - 512GB Premium 90,1ea CELLR178843P,2,90,504.65,504.65,0
1011206737t1,Galaxy S22 Ultra (5G) - T-Mobile - Burgundy - Single Sim - 512GB Excellent 80,1ea CELLR178843,4,80,509.55,499.75,0
1011206737t1,Galaxy S22 Ultra (5G) - T-Mobile - Burgundy - Single Sim - 512GB Excellent 100,1ea CELLR178843BMP,4,100,509.55,509.55,0
10112072l0l3,Galaxy S22 Ultra (5G) - Verizon - Burgundy - Single Sim - 512GB Good 80,1ea CELLR178849,5,80,444.55,436,0
10112072l0l3,Galaxy S22 Ultra (5G) - Verizon - Burgundy - Single Sim - 512GB Acceptable 80,1ea CELLR178849-2,6,80,444.55,436,0
10112072l0l3,Galaxy S22 Ultra (5G) - Verizon - Burgundy - Single Sim - 512GB Good 100,1ea CELLR178849BMP,5,100,444.55,444.55,0
10112072l0l3,Galaxy S22 Ultra (5G) - Verizon - Burgundy - Single Sim - 512GB Excellent 80,1ea CELLR178847,4,80,464.31,455.38,0
10112072l0l3,Galaxy S22 Ultra (5G) - Verizon - Burgundy - Single Sim - 512GB Excellent 100,1ea CELLR178847BMP,4,100,464.31,464.31,0
10112072l0l3,Galaxy S22 Ultra (5G) - Verizon - Burgundy - Single Sim - 512GB Premium 90,1ea CELLR178848P,2,90,479.42,479.42,0
10112072l0l3,Galaxy S22 Ultra (5G) - Verizon - Burgundy - Single Sim - 512GB Excellent 80,1ea CELLR178848,4,80,484.07,474.76,0
10112072l0l3,Galaxy S22 Ultra (5G) - Verizon - Burgundy - Single Sim - 512GB Excellent 100,1ea CELLR178848BMP,4,100,484.07,484.07,0
10112072l1e7,Galaxy S24 - AT&T - Cobalt Violet - Single Sim - 512GB Good 80,1ea CELLR180579,5,80,561.55,550.75,0
10112072l1e7,Galaxy S24 - AT&T - Cobalt Violet - Single Sim - 512GB Acceptable 80,1ea CELLR180579-2,6,80,561.55,550.75,0
10112072l1e7,Galaxy S24 - AT&T - Cobalt Violet - Single Sim - 512GB Good 100,1ea CELLR180579BMP,5,100,561.55,561.55,0
10112072l1e7,Galaxy S24 - AT&T - Cobalt Violet - Single Sim - 512GB Excellent 80,1ea CELLR180577,4,80,582.35,571.15,0
10112072l1e7,Galaxy S24 - AT&T - Cobalt Violet - Single Sim - 512GB Excellent 100,1ea CELLR180577BMP,4,100,582.35,582.35,0
10112072l1e7,Galaxy S24 - AT&T - Cobalt Violet - Single Sim - 512GB Premium 90,1ea CELLR180578P,2,90,597.35,597.35,0
10112072l1e7,Galaxy S24 - AT&T - Cobalt Violet - Single Sim - 512GB Excellent 80,1ea CELLR180578,4,80,603.15,591.55,0
10112072l1e7,Galaxy S24 - AT&T - Cobalt Violet - Single Sim - 512GB Excellent 100,1ea CELLR180578BMP,4,100,603.15,603.15,0
10112073b2n1,Galaxy S24 - T-Mobile - Cobalt Violet - Single Sim - 512GB Good 80,1ea CELLR180594,5,80,561.55,550.75,0
10112073b2n1,Galaxy S24 - T-Mobile - Cobalt Violet - Single Sim - 512GB Acceptable 80,1ea CELLR180594-2,6,80,561.55,550.75,0
10112073b2n1,Galaxy S24 - T-Mobile - Cobalt Violet - Single Sim - 512GB Good 100,1ea CELLR180594BMP,5,100,561.55,561.55,0
10112073b2n1,Galaxy S24 - T-Mobile - Cobalt Violet - Single Sim - 512GB Excellent 80,1ea CELLR180592,4,80,582.35,571.15,0
10112073b2n1,Galaxy S24 - T-Mobile - Cobalt Violet - Single Sim - 512GB Excellent 100,1ea CELLR180592BMP,4,100,582.35,582.35,0
10112073b2n1,Galaxy S24 - T-Mobile - Cobalt Violet - Single Sim - 512GB Premium 90,1ea CELLR180593P,2,90,597.35,597.35,0
10112073b2n1,Galaxy S24 - T-Mobile - Cobalt Violet - Single Sim - 512GB Excellent 80,1ea CELLR180593,4,80,603.15,591.55,0
10112073b2n1,Galaxy S24 - T-Mobile - Cobalt Violet - Single Sim - 512GB Excellent 100,1ea CELLR180593BMP,4,100,603.15,603.15,0
10112074j6u1,Galaxy S24 Ultra - AT&T - Titanium Violet - Single Sim - 1TB Good 80,1ea CELLR181104,5,80,956.75,938.35,0
10112074j6u1,Galaxy S24 Ultra - AT&T - Titanium Violet - Single Sim - 1TB Acceptable 80,1ea CELLR181104-2,6,80,956.75,938.35,0
10112074j6u1,Galaxy S24 Ultra - AT&T - Titanium Violet - Single Sim - 1TB Good 100,1ea CELLR181104BMP,5,100,956.75,956.75,0
10112074j6u1,Galaxy S24 Ultra - AT&T - Titanium Violet - Single Sim - 1TB Excellent 80,1ea CELLR181102,4,80,987.95,968.95,0
10112074j6u1,Galaxy S24 Ultra - AT&T - Titanium Violet - Single Sim - 1TB Excellent 100,1ea CELLR181102BMP,4,100,987.95,987.95,0
10112074j6u1,Galaxy S24 Ultra - AT&T - Titanium Violet - Single Sim - 1TB Premium 90,1ea CELLR181103P,2,90,999.05,999.05,0
10112074j6u1,Galaxy S24 Ultra - AT&T - Titanium Violet - Single Sim - 1TB Excellent 80,1ea CELLR181103,4,80,1008.75,989.35,0
10112074j6u1,Galaxy S24 Ultra - AT&T - Titanium Violet - Single Sim - 1TB Excellent 100,1ea CELLR181103BMP,4,100,1008.75,1008.75,0
10112075a1q0,Galaxy S24 Ultra - T-Mobile - Titanium Violet - Single Sim - 1TB Good 80,1ea CELLR181119,5,80,956.75,938.35,0
10112075a1q0,Galaxy S24 Ultra - T-Mobile - Titanium Violet - Single Sim - 1TB Acceptable 80,1ea CELLR181119-2,6,80,956.75,938.35,0
10112075a1q0,Galaxy S24 Ultra - T-Mobile - Titanium Violet - Single Sim - 1TB Good 100,1ea CELLR181119BMP,5,100,956.75,956.75,0
10112075a1q0,Galaxy S24 Ultra - T-Mobile - Titanium Violet - Single Sim - 1TB Excellent 80,1ea CELLR181117,4,80,987.95,968.95,0
10112075a1q0,Galaxy S24 Ultra - T-Mobile - Titanium Violet - Single Sim - 1TB Excellent 100,1ea CELLR181117BMP,4,100,987.95,987.95,0
10112075a1q0,Galaxy S24 Ultra - T-Mobile - Titanium Violet - Single Sim - 1TB Premium 90,1ea CELLR181118P,2,90,999.05,999.05,0
10112075a1q0,Galaxy S24 Ultra - T-Mobile - Titanium Violet - Single Sim - 1TB Excellent 80,1ea CELLR181118,4,80,1008.75,989.35,0
10112075a1q0,Galaxy S24 Ultra - T-Mobile - Titanium Violet - Single Sim - 1TB Excellent 100,1ea CELLR181118BMP,4,100,1008.75,1008.75,0
10112080k0h5,Galaxy S22 Ultra (5G) - AT&T - Red - Single Sim - 1TB Good 80,1ea CELLR178504,5,80,509.55,499.75,0
10112080k0h5,Galaxy S22 Ultra (5G) - AT&T - Red - Single Sim - 1TB Acceptable 80,1ea CELLR178504-2,6,80,509.55,499.75,0
10112080k0h5,Galaxy S22 Ultra (5G) - AT&T - Red - Single Sim - 1TB Good 100,1ea CELLR178504BMP,5,100,509.55,509.55,0
10112080k0h5,Galaxy S22 Ultra (5G) - AT&T - Red - Single Sim - 1TB Excellent 80,1ea CELLR178502,4,80,530.35,520.15,0
10112080k0h5,Galaxy S22 Ultra (5G) - AT&T - Red - Single Sim - 1TB Excellent 100,1ea CELLR178502BMP,4,100,530.35,530.35,0
10112080k0h5,Galaxy S22 Ultra (5G) - AT&T - Red - Single Sim - 1TB Premium 90,1ea CELLR178503P,2,90,545.85,545.85,0
10112080k0h5,Galaxy S22 Ultra (5G) - AT&T - Red - Single Sim - 1TB Excellent 80,1ea CELLR178503,4,80,551.15,540.55,0
10112080k0h5,Galaxy S22 Ultra (5G) - AT&T - Red - Single Sim - 1TB Excellent 100,1ea CELLR178503BMP,4,100,551.15,551.15,0
1011208161d7,Galaxy S22 Ultra (5G) - T-Mobile - Red - Single Sim - 1TB Good 80,1ea CELLR178519,5,80,509.55,499.75,0
1011208161d7,Galaxy S22 Ultra (5G) - T-Mobile - Red - Single Sim - 1TB Acceptable 80,1ea CELLR178519-2,6,80,509.55,499.75,0
1011208161d7,Galaxy S22 Ultra (5G) - T-Mobile - Red - Single Sim - 1TB Good 100,1ea CELLR178519BMP,5,100,509.55,509.55,0
1011208161d7,Galaxy S22 Ultra (5G) - T-Mobile - Red - Single Sim - 1TB Excellent 80,1ea CELLR178517,4,80,530.35,520.15,0
1011208161d7,Galaxy S22 Ultra (5G) - T-Mobile - Red - Single Sim - 1TB Excellent 100,1ea CELLR178517BMP,4,100,530.35,530.35,0
1011208161d7,Galaxy S22 Ultra (5G) - T-Mobile - Red - Single Sim - 1TB Premium 90,1ea CELLR178518P,2,90,545.85,545.85,0
1011208161d7,Galaxy S22 Ultra (5G) - T-Mobile - Red - Single Sim - 1TB Excellent 80,1ea CELLR178518,4,80,551.15,540.55,0
1011208161d7,Galaxy S22 Ultra (5G) - T-Mobile - Red - Single Sim - 1TB Excellent 100,1ea CELLR178518BMP,4,100,551.15,551.15,0
1011208216m5,Galaxy S22 Ultra (5G) - Verizon - Red - Single Sim - 1TB Good 80,1ea CELLR178524,5,80,484.07,474.76,0
1011208216m5,Galaxy S22 Ultra (5G) - Verizon - Red - Single Sim - 1TB Acceptable 80,1ea CELLR178524-2,6,80,484.07,474.76,0
1011208216m5,Galaxy S22 Ultra (5G) - Verizon - Red - Single Sim - 1TB Good 100,1ea CELLR178524BMP,5,100,484.07,484.07,0
1011208216m5,Galaxy S22 Ultra (5G) - Verizon - Red - Single Sim - 1TB Excellent 80,1ea CELLR178522,4,80,503.83,494.14,0
1011208216m5,Galaxy S22 Ultra (5G) - Verizon - Red - Single Sim - 1TB Excellent 100,1ea CELLR178522BMP,4,100,503.83,503.83,0
1011208216m5,Galaxy S22 Ultra (5G) - Verizon - Red - Single Sim - 1TB Premium 90,1ea CELLR178523P,2,90,518.56,518.56,0
1011208216m5,Galaxy S22 Ultra (5G) - Verizon - Red - Single Sim - 1TB Excellent 80,1ea CELLR178523,4,80,523.59,513.52,0
1011208216m5,Galaxy S22 Ultra (5G) - Verizon - Red - Single Sim - 1TB Excellent 100,1ea CELLR178523BMP,4,100,523.59,523.59,0
1011209445r4,Galaxy S22 Ultra (5G) - Verizon - Phantom Black - Single Sim - 1TB Good 80,1ea CELLR178399,5,80,484.07,474.76,0
1011209445r4,Galaxy S22 Ultra (5G) - Verizon - Phantom Black - Single Sim - 1TB Acceptable 80,1ea CELLR178399-2,6,80,484.07,474.76,0
1011209445r4,Galaxy S22 Ultra (5G) - Verizon - Phantom Black - Single Sim - 1TB Good 100,1ea CELLR178399BMP,5,100,484.07,484.07,0
1011209445r4,Galaxy S22 Ultra (5G) - Verizon - Phantom Black - Single Sim - 1TB Excellent 80,1ea CELLR178397,4,80,503.83,494.14,0
